Date,Page,Visitors
8/11/2023,Home,570
11/14/2023,Products,987
12/7/2023,Contact,945
2/27/2023,Home,584
11/2/2023,Products,341
7/8/2023,Contact,950
4/16/2023,Home,682
4/9/2023,Products,496
10/20/2023,Contact,482
12/12/2023,Home,617
2/1/2024,Products,968
1/27/2024,Contact,383
3/23/2023,Home,699
5/11/2023,Products,503
9/14/2023,Contact,851
3/23/2023,Home,951
10/4/2023,Products,974
2/15/2024,Contact,615
10/27/2023,Home,213
7/13/2023,Products,220
7/12/2023,Contact,603
10/19/2023,Home,531
6/21/2023,Products,781
11/10/2023,Contact,923
12/23/2023,Home,779
4/27/2023,Products,881
9/9/2023,Contact,566
7/8/2023,Home,288
3/3/2023,Products,535
1/25/2024,Contact,466
2/22/2024,Home,528
12/7/2023,Products,819
6/23/2023,Contact,926
5/6/2023,Home,851
8/7/2023,Products,441
6/25/2023,Contact,727
10/10/2023,Home,357
4/3/2023,Products,931
8/29/2023,Contact,743
1/7/2024,Home,970
6/7/2023,Products,749
8/4/2023,Contact,924
3/31/2023,Home,918
3/14/2023,Products,353
3/29/2023,Contact,489
10/3/2023,Home,740
10/20/2023,Products,441
10/7/2023,Contact,694
4/10/2023,Home,804
4/1/2023,Products,664
6/13/2023,Contact,664
7/29/2023,Home,769
10/5/2023,Products,829
1/5/2024,Contact,482
8/5/2023,Home,931
11/4/2023,Products,965
7/29/2023,Contact,459
4/15/2023,Home,289
6/2/2023,Products,594
12/22/2023,Contact,679
4/25/2023,Home,477
2/6/2024,Products,757
11/10/2023,Contact,851
2/22/2024,Home,610
1/23/2024,Products,526
1/6/2024,Contact,596
6/12/2023,Home,894
7/3/2023,Products,924
5/12/2023,Contact,495
7/3/2023,Home,854
6/13/2023,Products,585
5/20/2023,Contact,678
3/30/2023,Home,528
10/9/2023,Products,476
11/10/2023,Contact,767
3/8/2023,Home,627
12/5/2023,Products,453
1/2/2024,Contact,412
12/23/2023,Home,756
1/6/2024,Products,517
6/4/2023,Contact,641
5/9/2023,Home,414
9/24/2023,Products,916
5/5/2023,Contact,673
3/31/2023,Home,597
11/30/2023,Products,247
2/7/2024,Contact,781
3/18/2023,Home,320
1/24/2024,Products,499
12/7/2023,Contact,863
6/2/2023,Home,453
5/3/2023,Products,230
8/12/2023,Contact,293
9/4/2023,Home,966
4/13/2023,Products,994
7/2/2023,Contact,556
8/26/2023,Home,672
4/7/2023,Products,334
2/20/2024,Contact,642
4/15/2023,Home,689
2/17/2024,Products,876
5/23/2023,Contact,822
4/19/2023,Home,678
4/21/2023,Products,624
7/21/2023,Contact,520
4/17/2023,Home,750
10/1/2023,Products,445
6/5/2023,Contact,290
2/21/2024,Home,607
2/4/2024,Products,946
10/14/2023,Contact,223
9/14/2023,Home,766
8/30/2023,Products,967
8/4/2023,Contact,534
11/22/2023,Home,950
12/9/2023,Products,661
2/12/2024,Contact,222
7/12/2023,Home,350
11/26/2023,Products,825
8/12/2023,Contact,620
6/20/2023,Home,908
8/29/2023,Products,787
4/17/2023,Contact,915
5/8/2023,Home,985
4/3/2023,Products,334
1/30/2024,Contact,981
3/27/2023,Home,694
3/3/2023,Products,620
12/17/2023,Contact,710
3/19/2023,Home,966
1/22/2024,Products,434
12/19/2023,Contact,759
11/10/2023,Home,866
12/4/2023,Products,840
7/18/2023,Contact,941
10/28/2023,Home,666
3/17/2023,Products,227
3/23/2023,Contact,594
12/3/2023,Home,759
12/14/2023,Products,982
10/15/2023,Contact,913
12/14/2023,Home,828
12/23/2023,Products,335
12/4/2023,Contact,820
5/25/2023,Home,617
7/30/2023,Products,705
2/2/2024,Contact,980
12/16/2023,Home,977
11/29/2023,Products,360
4/21/2023,Contact,398
10/8/2023,Home,967
10/2/2023,Products,911
1/3/2024,Contact,586
7/12/2023,Home,403
5/12/2023,Products,825
8/16/2023,Contact,428
9/4/2023,Home,262
10/12/2023,Products,871
9/9/2023,Contact,496
5/29/2023,Home,422
2/19/2024,Products,803
11/11/2023,Contact,889
1/12/2024,Home,493
10/23/2023,Products,410
10/28/2023,Contact,507
2/21/2024,Home,505
4/27/2023,Products,470
12/8/2023,Contact,446
10/7/2023,Home,388
1/10/2024,Products,211
10/18/2023,Contact,804
9/8/2023,Home,498
11/23/2023,Products,728
1/31/2024,Contact,482
11/23/2023,Home,290
1/29/2024,Products,472
9/11/2023,Contact,877
7/14/2023,Home,497
9/21/2023,Products,502
4/18/2023,Contact,613
11/8/2023,Home,659
9/22/2023,Products,213
7/3/2023,Contact,990
3/29/2023,Home,947
2/8/2024,Products,980
8/7/2023,Contact,593
3/12/2023,Home,841
11/11/2023,Products,372
10/21/2023,Contact,476
2/21/2024,Home,428
7/11/2023,Products,294
1/13/2024,Contact,651
6/3/2023,Home,213
4/26/2023,Products,414
11/8/2023,Contact,499
1/28/2024,Home,260
1/31/2024,Products,892
11/19/2023,Contact,826
1/18/2024,Home,915
12/17/2023,Products,843
4/24/2023,Contact,487
6/21/2023,Home,620
10/13/2023,Products,407
8/11/2023,Contact,306
8/13/2023,Home,561
11/3/2023,Products,401
1/24/2024,Contact,902
9/1/2023,Home,589
11/23/2023,Products,895
3/4/2023,Contact,457
8/20/2023,Home,261
10/11/2023,Products,791
4/21/2023,Contact,936
10/28/2023,Home,839
12/6/2023,Products,957
9/2/2023,Contact,383
6/29/2023,Home,520
5/8/2023,Products,778
1/14/2024,Contact,749
9/21/2023,Home,545
7/11/2023,Products,927
7/5/2023,Contact,875
1/22/2024,Home,767
5/22/2023,Products,868
12/15/2023,Contact,433
1/21/2024,Home,796
5/2/2023,Products,922
10/15/2023,Contact,866
8/1/2023,Home,490
10/7/2023,Products,753
7/13/2023,Contact,210
7/18/2023,Home,773
7/26/2023,Products,356
3/8/2023,Contact,721
1/22/2024,Home,699
12/21/2023,Products,879
2/7/2024,Contact,834
6/15/2023,Home,907
9/8/2023,Products,455
7/24/2023,Contact,713
3/31/2023,Home,371
3/4/2023,Products,551
9/18/2023,Contact,333
4/12/2023,Home,451
5/17/2023,Products,840
7/14/2023,Contact,982
5/5/2023,Home,986
5/24/2023,Products,690
12/4/2023,Contact,868
4/16/2023,Home,792
6/12/2023,Products,854
11/6/2023,Contact,640
9/2/2023,Home,828
4/22/2023,Products,609
9/4/2023,Contact,461
12/28/2023,Home,723
2/20/2024,Products,398
4/28/2023,Contact,429
5/2/2023,Home,804
11/4/2023,Products,733
2/3/2024,Contact,338
5/28/2023,Home,287
11/27/2023,Products,541
3/29/2023,Contact,818
1/12/2024,Home,213
7/13/2023,Products,375
7/10/2023,Contact,984
4/10/2023,Home,262
5/16/2023,Products,209
5/23/2023,Contact,714
7/3/2023,Home,829
12/4/2023,Products,760
8/18/2023,Contact,508
11/25/2023,Home,277
4/11/2023,Products,668
6/18/2023,Contact,237
9/19/2023,Home,898
3/2/2023,Products,685
6/2/2023,Contact,633
9/11/2023,Home,509
6/23/2023,Products,744
7/28/2023,Contact,296
12/8/2023,Home,598
11/20/2023,Products,416
2/26/2023,Contact,696
8/5/2023,Home,923
2/20/2024,Products,277
7/29/2023,Contact,221
5/7/2023,Home,492
8/13/2023,Products,250
6/1/2023,Contact,785
5/3/2023,Home,924
5/12/2023,Products,815
2/28/2023,Contact,712
8/21/2023,Home,306
6/20/2023,Products,311
12/2/2023,Contact,456
4/8/2023,Home,571
12/20/2023,Products,882
11/16/2023,Contact,567
7/28/2023,Home,718
4/7/2023,Products,738
8/3/2023,Contact,931
1/21/2024,Home,247
3/9/2023,Products,290
6/15/2023,Contact,990
2/8/2024,Home,279
2/9/2024,Products,344
3/9/2023,Contact,546
8/19/2023,Home,867
9/12/2023,Products,404
8/13/2023,Contact,395
12/28/2023,Home,923
11/4/2023,Products,242
10/8/2023,Contact,917
6/26/2023,Home,630
5/21/2023,Products,352
11/5/2023,Contact,715
6/18/2023,Home,706
11/17/2023,Products,998
12/23/2023,Contact,856
10/27/2023,Home,565
2/9/2024,Products,789
3/13/2023,Contact,679
9/20/2023,Home,980
8/22/2023,Products,626
2/16/2024,Contact,693
1/30/2024,Home,485
12/24/2023,Products,453
3/18/2023,Contact,976
1/3/2024,Home,678
1/27/2024,Products,674
7/29/2023,Contact,278
12/2/2023,Home,520
12/5/2023,Products,422
5/6/2023,Contact,575
1/4/2024,Home,801
11/1/2023,Products,913
7/27/2023,Contact,977
1/2/2024,Home,554
4/3/2023,Products,566
2/9/2024,Contact,572
11/6/2023,Home,651
4/11/2023,Products,645
9/1/2023,Contact,692
4/6/2023,Home,1000
3/22/2023,Products,835
12/6/2023,Contact,216
12/20/2023,Home,643
8/27/2023,Products,905
9/24/2023,Contact,633
10/10/2023,Home,430
2/10/2024,Products,825
7/20/2023,Contact,482
8/1/2023,Home,371
7/31/2023,Products,668
6/10/2023,Contact,589
8/25/2023,Home,481
11/2/2023,Products,868
10/28/2023,Contact,334
6/6/2023,Home,759
6/30/2023,Products,661
6/13/2023,Contact,405
5/26/2023,Home,691
1/3/2024,Products,985
10/26/2023,Contact,837
12/23/2023,Home,418
12/31/2023,Products,760
4/8/2023,Contact,508
3/8/2023,Home,457
2/20/2024,Products,640
2/11/2024,Contact,350
3/19/2023,Home,482
3/22/2023,Products,605
4/5/2023,Contact,957
11/14/2023,Home,498
3/24/2023,Products,250
9/16/2023,Contact,776
10/2/2023,Home,507
3/27/2023,Products,403
6/20/2023,Contact,694
9/28/2023,Home,918
6/3/2023,Products,439
1/14/2024,Contact,861
6/17/2023,Home,754
7/25/2023,Products,916
8/2/2023,Contact,735
8/8/2023,Home,335
7/19/2023,Products,604
6/23/2023,Contact,757
6/11/2023,Home,834
7/27/2023,Products,810
5/25/2023,Contact,515
6/24/2023,Home,460
6/9/2023,Products,921
5/19/2023,Contact,995
6/12/2023,Home,534
3/30/2023,Products,760
11/10/2023,Contact,243
12/9/2023,Home,627
7/1/2023,Products,929
7/2/2023,Contact,433
2/9/2024,Home,862
11/4/2023,Products,303
8/31/2023,Contact,607
7/30/2023,Home,639
10/28/2023,Products,613
4/23/2023,Contact,685
6/23/2023,Home,640
7/7/2023,Products,271
9/16/2023,Contact,640
10/25/2023,Home,237
4/1/2023,Products,290
3/27/2023,Contact,638
1/7/2024,Home,476
12/17/2023,Products,841
2/28/2023,Contact,259
9/29/2023,Home,647
3/14/2023,Products,661
8/10/2023,Contact,558
3/19/2023,Home,986
6/4/2023,Products,306
10/26/2023,Contact,785
2/9/2024,Home,259
9/29/2023,Products,589
12/19/2023,Contact,807
2/26/2023,Home,308
5/23/2023,Products,309
2/11/2024,Contact,731
10/21/2023,Home,342
6/7/2023,Products,892
7/23/2023,Contact,607
8/5/2023,Home,547
12/2/2023,Products,546
8/20/2023,Contact,807
7/11/2023,Home,416
5/19/2023,Products,681
1/13/2024,Contact,890
7/16/2023,Home,794
5/3/2023,Products,587
5/10/2023,Contact,360
4/20/2023,Home,582
10/13/2023,Products,344
1/4/2024,Contact,386
2/13/2024,Home,441
2/22/2024,Products,363
9/6/2023,Contact,257
4/3/2023,Home,808
3/30/2023,Products,697
6/19/2023,Contact,809
2/5/2024,Home,890
6/6/2023,Products,560
5/30/2023,Contact,201
10/2/2023,Home,315
4/17/2023,Products,633
9/28/2023,Contact,829
6/29/2023,Home,652
5/31/2023,Products,882
6/6/2023,Contact,434
10/18/2023,Home,922
2/26/2023,Products,659
2/21/2024,Contact,617
4/21/2023,Home,266
10/7/2023,Products,743
10/5/2023,Contact,989
9/18/2023,Home,410
4/13/2023,Products,786
8/31/2023,Contact,848
10/16/2023,Home,227
11/9/2023,Products,860
5/12/2023,Contact,542
5/20/2023,Home,341
9/8/2023,Products,835
12/20/2023,Contact,842
3/10/2023,Home,371
3/23/2023,Products,738
4/17/2023,Contact,987
5/29/2023,Home,440
9/21/2023,Products,517
11/19/2023,Contact,390
9/15/2023,Home,261
11/15/2023,Products,568
2/23/2023,Contact,293
6/21/2023,Home,358
10/1/2023,Products,993
3/30/2023,Contact,658
8/24/2023,Home,516
6/5/2023,Products,806
5/25/2023,Contact,887
6/16/2023,Home,929
12/23/2023,Products,212
6/27/2023,Contact,395
9/8/2023,Home,534
5/20/2023,Products,302
9/7/2023,Contact,937
7/14/2023,Home,205
3/31/2023,Products,604
4/28/2023,Contact,263
12/24/2023,Home,963
8/23/2023,Products,245
7/31/2023,Contact,736
1/27/2024,Home,335
12/24/2023,Products,709
3/15/2023,Contact,810
4/4/2023,Home,513
7/4/2023,Products,417
7/14/2023,Contact,482
6/4/2023,Home,803
6/12/2023,Products,339
5/11/2023,Contact,859
5/4/2023,Home,201
9/5/2023,Products,973
3/26/2023,Contact,531
9/28/2023,Home,287
4/19/2023,Products,856
2/16/2024,Contact,846
12/27/2023,Home,942
6/1/2023,Products,467
4/6/2023,Contact,351
10/19/2023,Home,454
6/4/2023,Products,675
2/11/2024,Contact,374
11/16/2023,Home,693
3/4/2023,Products,441
8/10/2023,Contact,886
5/1/2023,Home,266
6/25/2023,Products,334
6/7/2023,Contact,540
4/17/2023,Home,481
8/21/2023,Products,659
10/3/2023,Contact,560
8/15/2023,Home,894
3/6/2023,Products,538
4/14/2023,Contact,877
2/24/2023,Home,626
1/31/2024,Products,215
11/16/2023,Contact,703
7/7/2023,Home,673
6/7/2023,Products,357
5/10/2023,Contact,509
12/1/2023,Home,928
5/9/2023,Products,360
7/25/2023,Contact,572
9/14/2023,Home,443
1/20/2024,Products,894
9/22/2023,Contact,978
12/19/2023,Home,246
4/15/2023,Products,650
9/28/2023,Contact,681
9/7/2023,Home,753
10/18/2023,Products,974
4/9/2023,Contact,669
2/24/2023,Home,706
9/9/2023,Products,787
2/8/2024,Contact,525
11/22/2023,Home,903
5/29/2023,Products,872
5/11/2023,Contact,774
5/13/2023,Home,745
8/4/2023,Products,427
2/28/2023,Contact,524
6/27/2023,Home,992
2/19/2024,Products,898
9/30/2023,Contact,317
6/9/2023,Home,602
6/5/2023,Products,660
10/10/2023,Contact,902
11/9/2023,Home,564
12/13/2023,Products,765
8/7/2023,Contact,255
8/12/2023,Home,459
5/29/2023,Products,716
2/21/2024,Contact,972
1/13/2024,Home,728
1/26/2024,Products,642
11/9/2023,Contact,392
4/25/2023,Home,802
10/8/2023,Products,491
10/22/2023,Contact,891
12/1/2023,Home,697
12/10/2023,Products,961
5/30/2023,Contact,409
6/10/2023,Home,304
8/6/2023,Products,324
8/13/2023,Contact,513
12/27/2023,Home,889
1/29/2024,Products,483
7/11/2023,Contact,244
8/7/2023,Home,682
10/13/2023,Products,679
10/2/2023,Contact,816
3/11/2023,Home,811
2/28/2023,Products,592
3/1/2023,Contact,804
4/22/2023,Home,916
2/4/2024,Products,642
5/26/2023,Contact,281
5/14/2023,Home,744
6/25/2023,Products,692
4/9/2023,Contact,573
11/10/2023,Home,586
11/20/2023,Products,257
5/9/2023,Contact,424
7/26/2023,Home,423
4/29/2023,Products,545
7/30/2023,Contact,500
9/16/2023,Home,368
10/14/2023,Products,388
7/6/2023,Contact,760
1/9/2024,Home,943
9/4/2023,Products,531
7/9/2023,Contact,220
11/13/2023,Home,415
2/18/2024,Products,897
1/29/2024,Contact,380
6/18/2023,Home,213
10/10/2023,Products,288
3/25/2023,Contact,976
9/4/2023,Home,495
9/17/2023,Products,794
7/8/2023,Contact,244
9/1/2023,Home,644
5/10/2023,Products,641
7/1/2023,Contact,427
7/10/2023,Home,736
11/30/2023,Products,802
9/5/2023,Contact,786
6/19/2023,Home,876
6/30/2023,Products,313
10/18/2023,Contact,633
1/29/2024,Home,873
12/7/2023,Products,614
5/12/2023,Contact,728
12/23/2023,Home,381
10/11/2023,Products,665
4/13/2023,Contact,789
11/24/2023,Home,715
6/21/2023,Products,993
2/9/2024,Contact,372
3/30/2023,Home,253
3/25/2023,Products,971
10/15/2023,Contact,798
2/21/2024,Home,470
4/26/2023,Products,965
10/21/2023,Contact,369
9/15/2023,Home,859
10/18/2023,Products,532
6/18/2023,Contact,225
8/19/2023,Home,466
11/29/2023,Products,747
7/8/2023,Contact,545
10/19/2023,Home,260
1/16/2024,Products,442
4/17/2023,Contact,888
9/2/2023,Home,268
3/16/2023,Products,379
5/21/2023,Contact,728
8/22/2023,Home,626
10/25/2023,Products,235
9/3/2023,Contact,668
6/13/2023,Home,409
1/19/2024,Products,439
8/12/2023,Contact,799
4/24/2023,Home,808
5/20/2023,Products,288
4/7/2023,Contact,579
3/25/2023,Home,456
7/6/2023,Products,738
1/7/2024,Contact,560
7/15/2023,Home,803
12/16/2023,Products,939
5/11/2023,Contact,834
7/21/2023,Home,885
9/16/2023,Products,666
6/1/2023,Contact,803
2/10/2024,Home,912
2/14/2024,Products,646
8/17/2023,Contact,513
1/5/2024,Home,549
7/22/2023,Products,329
12/5/2023,Contact,649
7/5/2023,Home,387
3/31/2023,Products,567
7/29/2023,Contact,394
8/18/2023,Home,657
4/2/2023,Products,597
12/28/2023,Contact,847
12/10/2023,Home,867
10/19/2023,Products,608
7/1/2023,Contact,798
6/15/2023,Home,893
7/17/2023,Products,553
12/6/2023,Contact,650
1/4/2024,Home,245
12/31/2023,Products,613
5/11/2023,Contact,373
11/24/2023,Home,829
4/6/2023,Products,768
6/13/2023,Contact,689
10/24/2023,Home,724
2/4/2024,Products,377
8/3/2023,Contact,484
3/30/2023,Home,255
11/21/2023,Products,757
3/17/2023,Contact,479
11/15/2023,Home,459
5/8/2023,Products,285
12/18/2023,Contact,547
5/20/2023,Home,240
8/29/2023,Products,316
3/24/2023,Contact,532
6/25/2023,Home,461
9/17/2023,Products,492
7/22/2023,Contact,708
2/5/2024,Home,268
7/9/2023,Products,227
12/8/2023,Contact,714
3/28/2023,Home,225
1/25/2024,Products,812
2/26/2023,Contact,696
12/29/2023,Home,493
7/1/2023,Products,615
5/14/2023,Contact,894
6/2/2023,Home,382
2/19/2024,Products,222
7/25/2023,Contact,438
1/19/2024,Home,691
2/10/2024,Products,746
1/25/2024,Contact,432
9/21/2023,Home,751
2/21/2024,Products,881
3/2/2023,Contact,778
9/23/2023,Home,919
2/14/2024,Products,946
8/30/2023,Contact,719
1/19/2024,Home,612
6/6/2023,Products,857
4/22/2023,Contact,554
11/16/2023,Home,842
4/23/2023,Products,262
2/27/2023,Contact,455
8/19/2023,Home,665
1/8/2024,Products,331
5/28/2023,Contact,633
4/17/2023,Home,708
11/22/2023,Products,237
6/3/2023,Contact,893
12/3/2023,Home,279
10/3/2023,Products,582
12/30/2023,Contact,842
1/30/2024,Home,313
11/26/2023,Products,934
12/10/2023,Contact,773
10/16/2023,Home,243
6/26/2023,Products,498
10/29/2023,Contact,853
9/12/2023,Home,782
8/25/2023,Products,534
2/15/2024,Contact,227
4/29/2023,Home,528
11/22/2023,Products,811
6/25/2023,Contact,918
2/24/2023,Home,693
6/25/2023,Products,416
5/17/2023,Contact,201
8/12/2023,Home,642
6/1/2023,Products,847
12/24/2023,Contact,487
7/25/2023,Home,899
11/6/2023,Products,286
1/11/2024,Contact,514
11/6/2023,Home,971
4/28/2023,Products,359
11/27/2023,Contact,412
9/11/2023,Home,920
10/18/2023,Products,732
8/12/2023,Contact,397
3/15/2023,Home,618
6/25/2023,Products,663
5/10/2023,Contact,888
9/21/2023,Home,750
12/12/2023,Products,948
9/1/2023,Contact,434
11/23/2023,Home,749
4/20/2023,Products,226
5/29/2023,Contact,985
7/9/2023,Home,901
11/5/2023,Products,294
5/3/2023,Contact,994
7/30/2023,Home,687
3/2/2023,Products,707
9/19/2023,Contact,780
4/23/2023,Home,975
10/19/2023,Products,610
9/23/2023,Contact,211
5/16/2023,Home,439
4/12/2023,Products,525
10/13/2023,Contact,918
1/30/2024,Home,672
2/10/2024,Products,892
7/24/2023,Contact,561
10/10/2023,Home,955
9/29/2023,Products,894
12/11/2023,Contact,269
1/10/2024,Home,815
5/16/2023,Products,533
6/29/2023,Contact,294
5/28/2023,Home,666
11/26/2023,Products,790
6/22/2023,Contact,699
11/15/2023,Home,818
6/3/2023,Products,811
5/9/2023,Contact,378
11/9/2023,Home,522
2/28/2023,Products,349
1/2/2024,Contact,439
1/9/2024,Home,595
11/12/2023,Products,462
12/2/2023,Contact,682
9/21/2023,Home,254
11/10/2023,Products,398
1/2/2024,Contact,855
10/6/2023,Home,475
6/4/2023,Products,780
9/5/2023,Contact,946
5/11/2023,Home,929
1/23/2024,Products,569
7/22/2023,Contact,622
1/20/2024,Home,844
11/15/2023,Products,284
10/22/2023,Contact,861
12/31/2023,Home,469
10/26/2023,Products,339
12/24/2023,Contact,245
12/8/2023,Home,505
11/7/2023,Products,694
12/2/2023,Contact,442
12/10/2023,Home,396
5/7/2023,Products,852
5/14/2023,Contact,879
3/25/2023,Home,276
2/27/2023,Products,326
11/12/2023,Contact,288
11/28/2023,Home,447
10/20/2023,Products,769
6/6/2023,Contact,840
9/18/2023,Home,391
10/1/2023,Products,939
10/28/2023,Contact,489
12/30/2023,Home,940
4/25/2023,Products,467
1/11/2024,Contact,312
5/20/2023,Home,486
1/3/2024,Products,247
6/23/2023,Contact,935
11/22/2023,Home,811
3/8/2023,Products,666
9/24/2023,Contact,319
2/8/2024,Home,277
2/20/2024,Products,821
10/30/2023,Contact,714
10/29/2023,Home,939
8/4/2023,Products,676
7/12/2023,Contact,484
9/22/2023,Home,878
1/22/2024,Products,559
5/10/2023,Contact,220
11/7/2023,Home,781
6/21/2023,Products,386
1/31/2024,Contact,649
12/6/2023,Home,930
10/22/2023,Products,354
11/2/2023,Contact,375
7/23/2023,Home,429
2/24/2023,Products,851
11/27/2023,Contact,550
3/13/2023,Home,327
7/7/2023,Products,375
2/7/2024,Contact,639
6/22/2023,Home,389
4/10/2023,Products,990
6/10/2023,Contact,331
8/27/2023,Home,561
3/29/2023,Products,544
12/30/2023,Contact,437
7/10/2023,Home,771
9/27/2023,Products,612
9/17/2023,Contact,759
9/9/2023,Home,309
2/16/2024,Products,852
2/15/2024,Contact,269
6/26/2023,Home,736
10/3/2023,Products,578
3/20/2023,Contact,856
6/30/2023,Home,556
9/12/2023,Products,931
6/20/2023,Contact,428
5/22/2023,Home,921
8/15/2023,Products,597
10/19/2023,Contact,856
7/29/2023,Home,519
12/5/2023,Products,440
6/23/2023,Contact,285
2/5/2024,Home,709
8/29/2023,Products,931
4/23/2023,Contact,946
5/21/2023,Home,915
10/7/2023,Products,592
6/12/2023,Contact,434
5/10/2023,Home,955
8/6/2023,Products,400
2/6/2024,Contact,255
7/24/2023,Home,762
7/24/2023,Products,247
12/25/2023,Contact,771
5/4/2023,Home,575
11/16/2023,Products,810
1/14/2024,Contact,284
5/6/2023,Home,890
8/15/2023,Products,877
12/11/2023,Contact,318
4/20/2023,Home,838
7/22/2023,Products,819
6/5/2023,Contact,462
1/1/2024,Home,853
7/23/2023,Products,279
6/10/2023,Contact,964
6/8/2023,Home,646
10/28/2023,Products,248
3/10/2023,Contact,204
6/4/2023,Home,694
4/16/2023,Products,486
4/30/2023,Contact,467
10/14/2023,Home,775
11/5/2023,Products,789
4/12/2023,Contact,771
11/5/2023,Home,380
7/21/2023,Products,278
3/10/2023,Contact,825
2/16/2024,Home,276
3/16/2023,Products,884
7/7/2023,Contact,681
6/15/2023,Home,414
8/29/2023,Products,565
4/30/2023,Contact,520
5/3/2023,Home,894
6/2/2023,Products,225
1/11/2024,Contact,212
8/1/2023,Home,754
9/9/2023,Products,828
7/23/2023,Contact,793
6/17/2023,Home,255
2/8/2024,Products,515
6/2/2023,Contact,719
1/30/2024,Home,334
2/12/2024,Products,294
6/13/2023,Contact,758
7/27/2023,Home,769
1/16/2024,Products,980
11/16/2023,Contact,683
2/5/2024,Home,849
7/29/2023,Products,804
10/2/2023,Contact,882
5/5/2023,Home,566
6/16/2023,Products,687
1/14/2024,Contact,678
1/10/2024,Home,366
7/17/2023,Products,730
9/27/2023,Contact,853
4/23/2023,Home,404
11/25/2023,Products,932
7/9/2023,Contact,872
1/9/2024,Home,409
4/15/2023,Products,531
12/21/2023,Contact,588
5/9/2023,Home,546
4/25/2023,Products,758
3/12/2023,Contact,330
7/19/2023,Home,672
4/3/2023,Products,412
9/5/2023,Contact,765
3/11/2023,Home,731
9/3/2023,Products,533
10/9/2023,Contact,523
5/1/2023,Home,626
3/8/2023,Products,585
5/26/2023,Contact,425
5/18/2023,Home,359
4/10/2023,Products,775
8/16/2023,Contact,450
8/4/2023,Home,221
2/3/2024,Products,595
6/23/2023,Contact,244
9/21/2023,Home,546
11/19/2023,Products,386
8/14/2023,Contact,495
9/19/2023,Home,364
10/3/2023,Products,386
11/4/2023,Contact,216
6/5/2023,Home,513
